[
  {
    "id": "consulta-de-produtos-e-estabelecimentos",
    "uri": "features/consulta_vrpat.feature",
    "keyword": "Funcionalidade",
    "name": "Consulta de produtos e estabelecimentos",
    "description": "",
    "line": 2,
    "elements": [
      {
        "id": "consulta-de-produtos-e-estabelecimentos;:-validação-da-chave-\"typeofestablishment\"-e-impressão-de-um-tipo-de-estabelecimento",
        "keyword": "Cenario",
        "name": ": Validação da chave \"typeOfEstablishment\" e impressão de um tipo de estabelecimento",
        "description": "",
        "line": 4,
        "type": "scenario",
        "steps": [
          {
            "keyword": "Dado ",
            "name": "que eu faço uma requisição GET para \"https://portal.vr.com.br/api-web/comum/enumerations/VRPAT\"",
            "line": 5,
            "match": {
              "location": "features/steps_definition/ConsultaVrpatSteps.rb:5"
            },
            "result": {
              "status": "passed",
              "duration": 377538300
            }
          },
          {
            "keyword": "Quando ",
            "name": "eu recebo a resposta",
            "line": 6,
            "match": {
              "location": "features/steps_definition/ConsultaVrpatSteps.rb:10"
            },
            "result": {
              "status": "passed",
              "duration": 1811800
            }
          },
          {
            "keyword": "Entao ",
            "name": "o JSON de resposta deve conter a chave \"typeOfEstablishment\"",
            "line": 7,
            "match": {
              "location": "features/steps_definition/ConsultaVrpatSteps.rb:14"
            },
            "result": {
              "status": "passed",
              "duration": 3834500
            }
          },
          {
            "keyword": "E ",
            "name": "eu imprimo aleatoriamente um dos tipos de estabelecimentos",
            "line": 8,
            "match": {
              "location": "features/steps_definition/ConsultaVrpatSteps.rb:18"
            },
            "result": {
              "status": "passed",
              "duration": 155400
            }
          }
        ]
      }
    ]
  },
  {
    "id": "manipulação-de-string",
    "uri": "features/manipulacao_string.feature",
    "keyword": "Funcionalidade",
    "name": "Manipulação de String",
    "description": "",
    "line": 2,
    "elements": [
      {
        "id": "manipulação-de-string;remover-texto-após-os-marcadores;;2",
        "keyword": "Esquema do Cenário",
        "name": "Remover texto após os marcadores",
        "description": "",
        "line": 12,
        "type": "scenario",
        "steps": [
          {
            "keyword": "Dado ",
            "name": "a string de entrada \"bananas, tomates # e ventiladores\"",
            "line": 5,
            "match": {
              "location": "features/steps_definition/ManipulacaoStringSteps.rb:9"
            },
            "result": {
              "status": "passed",
              "duration": 15000
            }
          },
          {
            "keyword": "E ",
            "name": "os marcadores [\"#\", \"!\"]",
            "line": 6,
            "match": {
              "location": "features/steps_definition/ManipulacaoStringSteps.rb:13"
            },
            "result": {
              "status": "passed",
              "duration": 29600
            }
          },
          {
            "keyword": "Quando ",
            "name": "eu removo o texto após os marcadores",
            "line": 7,
            "match": {
              "location": "features/steps_definition/ManipulacaoStringSteps.rb:17"
            },
            "result": {
              "status": "passed",
              "duration": 22100
            }
          },
          {
            "keyword": "Entao ",
            "name": "a saída esperada é: \"bananas, tomates\"",
            "line": 8,
            "match": {
              "location": "features/steps_definition/ManipulacaoStringSteps.rb:21"
            },
            "result": {
              "status": "passed",
              "duration": 18100
            }
          }
        ]
      },
      {
        "id": "manipulação-de-string;remover-texto-após-os-marcadores;;3",
        "keyword": "Esquema do Cenário",
        "name": "Remover texto após os marcadores",
        "description": "",
        "line": 13,
        "type": "scenario",
        "steps": [
          {
            "keyword": "Dado ",
            "name": "a string de entrada \"o rato roeu a roupa $ do rei % de roma\"",
            "line": 5,
            "match": {
              "location": "features/steps_definition/ManipulacaoStringSteps.rb:9"
            },
            "result": {
              "status": "passed",
              "duration": 12300
            }
          },
          {
            "keyword": "E ",
            "name": "os marcadores [\"%\", \"!\"]",
            "line": 6,
            "match": {
              "location": "features/steps_definition/ManipulacaoStringSteps.rb:13"
            },
            "result": {
              "status": "passed",
              "duration": 20400
            }
          },
          {
            "keyword": "Quando ",
            "name": "eu removo o texto após os marcadores",
            "line": 7,
            "match": {
              "location": "features/steps_definition/ManipulacaoStringSteps.rb:17"
            },
            "result": {
              "status": "passed",
              "duration": 10300
            }
          },
          {
            "keyword": "Entao ",
            "name": "a saída esperada é: \"o rato roeu a roupa $ do rei\"",
            "line": 8,
            "match": {
              "location": "features/steps_definition/ManipulacaoStringSteps.rb:21"
            },
            "result": {
              "status": "passed",
              "duration": 14500
            }
          }
        ]
      },
      {
        "id": "manipulação-de-string;remover-texto-após-os-marcadores;;4",
        "keyword": "Esquema do Cenário",
        "name": "Remover texto após os marcadores",
        "description": "",
        "line": 14,
        "type": "scenario",
        "steps": [
          {
            "keyword": "Dado ",
            "name": "a string de entrada \"the quick brown fox & jumped over * the lazy dog\"",
            "line": 5,
            "match": {
              "location": "features/steps_definition/ManipulacaoStringSteps.rb:9"
            },
            "result": {
              "status": "passed",
              "duration": 10900
            }
          },
          {
            "keyword": "E ",
            "name": "os marcadores [\"&\", \"*\", \"%\", \"!\"]",
            "line": 6,
            "match": {
              "location": "features/steps_definition/ManipulacaoStringSteps.rb:13"
            },
            "result": {
              "status": "passed",
              "duration": 20700
            }
          },
          {
            "keyword": "Quando ",
            "name": "eu removo o texto após os marcadores",
            "line": 7,
            "match": {
              "location": "features/steps_definition/ManipulacaoStringSteps.rb:17"
            },
            "result": {
              "status": "passed",
              "duration": 16400
            }
          },
          {
            "keyword": "Entao ",
            "name": "a saída esperada é: \"the quick brown fox\"",
            "line": 8,
            "match": {
              "location": "features/steps_definition/ManipulacaoStringSteps.rb:21"
            },
            "result": {
              "status": "passed",
              "duration": 13700
            }
          }
        ]
      }
    ]
  }
]